area,centroid_x,centroid_y,predicted_iou,stability_score
287.0,1193.2160278745644,1503.7247386759582,0.916589617729187,0.9826989769935608
751.0,678.1091877496671,489.36884154460716,0.9052082300186157,0.9725130796432495
2782.0,1654.8109273903667,904.7221423436376,0.9042640924453735,0.9351690411567688
754.0,484.62997347480103,429.7851458885942,0.8806515336036682,0.9518229365348816
92.0,484.30434782608694,992.0869565217391,0.8759653568267822,0.989130437374115
505.0,1135.2475247524753,1695.9425742574258,0.8385218977928162,0.8919925689697266
500.0,579.87,748.676,0.8319447040557861,0.9381044507026672
