area,centroid_x,centroid_y,predicted_iou,stability_score
553.0,1451.141048824593,525.0994575045208,0.8848773837089539,0.9714285731315613
663.0,1058.9547511312217,1896.4343891402716,0.8837871551513672,0.9557521939277649
244.0,740.655737704918,723.2172131147541,0.8832321166992188,0.9484127163887024
902.0,1230.0133037694013,1479.5975609756097,0.8737989664077759,0.9451022744178772
688.0,947.4912790697674,178.98691860465115,0.8688586950302124,0.9449929594993591
740.0,595.5729729729729,1143.7756756756758,0.8652851581573486,0.9587216973304749
835.0,1811.7353293413173,998.437125748503,0.8488109707832336,0.9398148059844971
127.0,1373.3700787401574,1515.8188976377953,0.8408743739128113,0.9763779640197754
743.0,620.378196500673,1900.2664872139974,0.8290098309516907,0.903598964214325
