area,centroid_x,centroid_y,predicted_iou,stability_score
2224.0,300.0161870503597,910.6375899280575,0.9637947082519531,0.9857015013694763
657.0,1237.3866057838661,1263.7366818873668,0.9247612953186035,0.9040114879608154
243.0,1113.4238683127571,1557.4444444444443,0.9098758697509766,0.8065693378448486
748.0,702.5775401069519,1429.4946524064171,0.9046934843063354,0.9595828056335449
975.0,1385.6953846153847,1424.2676923076924,0.862909734249115,0.8473138809204102
172.0,1113.4476744186047,1556.906976744186,0.8545604348182678,0.959770143032074
1975.0,1222.8546835443037,1052.5843037974685,0.839322030544281,0.9401960968971252
