area,centroid_x,centroid_y,predicted_iou,stability_score
716.0,1037.7472067039107,1183.5349162011173,0.9391796588897705,0.9820689558982849
2892.0,934.7669432918395,420.28215767634856,0.9300717115402222,0.9554355144500732
4251.0,34.82921665490473,37.9084921195013,0.9231014251708984,0.967428982257843
1295.0,945.3312741312741,203.7003861003861,0.9043664932250977,0.8840579986572266
236.0,1511.3898305084747,1249.7330508474577,0.8891595602035522,0.9790794849395752
668.0,1212.38622754491,303.77245508982037,0.8825864791870117,0.9489796161651611
156.0,675.9679487179487,861.0320512820513,0.8746315240859985,0.9745222926139832
191.0,925.4502617801047,1366.2041884816754,0.8400657176971436,0.9545454382896423
