area,centroid_x,centroid_y,predicted_iou,stability_score
1673.0,1266.1595935445307,303.60669456066944,0.9434182643890381,0.9793510437011719
3704.0,29.66306695464363,38.26106911447084,0.9379209280014038,0.9709410667419434
1502.0,1450.0772303595206,1826.5432756324901,0.9273735284805298,0.9756578803062439
326.0,1169.5920245398772,608.2300613496933,0.9095738530158997,0.978723406791687
613.0,1238.0097879282218,624.4290375203915,0.8555277585983276,0.9585987329483032
529.0,682.4555765595463,627.8166351606806,0.851365327835083,0.9174147248268127
313.0,1002.4728434504792,479.2555910543131,0.8235074281692505,0.9024389982223511
621.0,703.9645732689211,975.8019323671498,0.8129671812057495,0.9374021887779236
