area,centroid_x,centroid_y,predicted_iou,stability_score
3460.0,25.147398843930635,37.159826589595376,0.9398581981658936,0.9731658697128296
4405.0,846.7418842224745,167.1244040862656,0.908357560634613,0.9430965781211853
1162.0,1047.7641996557659,1499.313253012048,0.9055032730102539,0.9545071721076965
1046.0,1238.3776290630974,281.76481835564056,0.8993619680404663,0.9634146094322205
226.0,1060.7079646017698,33.4070796460177,0.8918043375015259,0.9781659245491028
2584.0,542.1602167182663,1359.6613777089783,0.8820210695266724,0.9458948373794556
