area,centroid_x,centroid_y,predicted_iou,stability_score
4040.0,29.783168316831684,38.470544554455444,0.9401454925537109,0.9710532426834106
1685.0,1262.1495548961425,1196.4985163204747,0.920595109462738,0.9554398059844971
1351.0,1621.5980754996299,889.8097705403405,0.8576090931892395,0.9169623851776123
747.0,356.4524765729585,811.1392235609103,0.844390332698822,0.8864796161651611
546.0,926.6483516483516,487.83882783882785,0.8306922912597656,0.8813559412956238
