area,centroid_x,centroid_y,predicted_iou,stability_score
1649.0,1573.1146149181322,361.83929654335964,0.9291009902954102,0.9789663553237915
1231.0,762.9350121852153,1636.186839967506,0.916808009147644,0.9617224931716919
93.0,541.5698924731183,985.9462365591398,0.8655304908752441,0.978723406791687
703.0,1129.5761024182077,1688.9559032716927,0.8652079701423645,0.9159891605377197
703.0,412.99573257467995,856.3541963015647,0.8116875886917114,0.9229711294174194
