area,centroid_x,centroid_y,predicted_iou,stability_score
3018.0,1231.1431411530816,504.65772034459906,0.9504400491714478,0.9835796356201172
2131.0,1228.400281557954,495.2200844673862,0.9346725344657898,0.9791086316108704
599.0,1317.0217028380634,162.65442404006677,0.9221698045730591,0.8425076603889465
856.0,1713.267523364486,900.2605140186915,0.8979464173316956,0.9723183512687683
584.0,986.070205479452,1388.1010273972602,0.8924729228019714,0.9780405163764954
732.0,933.1010928961749,1250.6734972677596,0.8916370272636414,0.9661704897880554
594.0,679.1700336700337,273.8181818181818,0.8843288421630859,0.9688524603843689
897.0,524.3890746934226,1031.149386845039,0.8726253509521484,0.9757441878318787
548.0,851.6332116788321,138.65328467153284,0.8702981472015381,0.9015544056892395
