area,centroid_x,centroid_y,predicted_iou,stability_score
2266.0,671.3583406884378,1115.246690203001,0.9226329326629639,0.9747825860977173
1816.0,144.20594713656388,926.3992290748898,0.919019877910614,0.9621416926383972
530.0,933.9415094339622,1316.0132075471697,0.8874597549438477,0.8023850321769714
131.0,1507.381679389313,672.8549618320611,0.8705707788467407,0.9629629850387573
105.0,1507.4,672.3523809523809,0.8624417185783386,0.9716981053352356
465.0,866.3247311827957,1426.2559139784946,0.8409023880958557,0.9581589698791504
776.0,1076.7177835051546,636.2835051546392,0.8278482556343079,0.9399248957633972
689.0,1420.9912917271408,759.6240928882438,0.8011656403541565,0.9464788436889648
