area,centroid_x,centroid_y,predicted_iou,stability_score
2389.0,596.6948514022604,1628.2838007534533,0.9462571144104004,0.8693092465400696
1386.0,1825.9163059163059,888.0396825396825,0.9416240453720093,0.9856630563735962
3940.0,31.435786802030456,37.08604060913706,0.9302566051483154,0.9635364413261414
1667.0,605.3599280143972,1362.743851229754,0.9207085371017456,0.9779762029647827
1720.0,1560.1906976744185,869.4593023255813,0.9042906165122986,0.972429633140564
4415.0,447.96330690826727,363.76987542468856,0.9039143323898315,0.9510954022407532
107.0,1176.6822429906542,1376.4672897196263,0.8895136117935181,0.9724770784378052
89.0,1495.8988764044943,864.0449438202247,0.8312843441963196,0.966292142868042
315.0,938.8412698412699,36.384126984126986,0.8268023133277893,0.9686520099639893
