area,centroid_x,centroid_y,predicted_iou,stability_score
488.0,1118.563524590164,1637.594262295082,0.9242271184921265,0.9796748161315918
4411.0,889.711403309907,1233.0711856721832,0.9203250408172607,0.9687987565994263
696.0,1556.0790229885058,561.6034482758621,0.9127768278121948,0.9702970385551453
3044.0,1037.0137976346912,1856.0479632063075,0.912061870098114,0.942638635635376
1533.0,1122.2915851272016,912.8571428571429,0.8998019695281982,0.9584929943084717
597.0,928.5611390284757,1755.1323283082077,0.8906263113021851,0.9624183177947998
608.0,928.5559210526316,883.6496710526316,0.8669600486755371,0.8121212124824524
314.0,461.28662420382165,1695.656050955414,0.8534871339797974,0.9353846311569214
