area,centroid_x,centroid_y,predicted_iou,stability_score
3808.0,29.08639705882353,35.6609768907563,0.9570825099945068,0.9804789423942566
3020.0,1056.807284768212,236.5682119205298,0.9425541162490845,0.9471649527549744
3431.0,718.7799475371612,1769.6758962401632,0.9357700347900391,0.9692617058753967
661.0,1912.1043872919818,859.9425113464448,0.9045769572257996,0.967164158821106
206.0,290.6407766990291,935.7233009708738,0.8933396339416504,0.971563994884491
199.0,1253.0251256281408,1241.3869346733668,0.8907406330108643,0.979899525642395
694.0,672.7276657060519,1044.0100864553315,0.836776614189148,0.9687055349349976
3060.0,232.01143790849673,743.0062091503268,0.8095116019248962,0.8741620779037476
