area,centroid_x,centroid_y,predicted_iou,stability_score
963.0,1538.017653167186,698.0695742471444,0.9012100696563721,0.9693564772605896
452.0,814.7632743362832,1048.396017699115,0.9002074003219604,0.9544468522071838
780.0,1632.321794871795,459.70512820512823,0.895068883895874,0.9564676880836487
748.0,1376.4104278074867,894.4304812834224,0.8923985958099365,0.9426336288452148
960.0,1227.028125,1620.2322916666667,0.8819704055786133,0.9642857313156128
723.0,1204.597510373444,830.6804979253112,0.8721561431884766,0.9768076539039612
509.0,1005.2436149312377,735.278978388998,0.861864447593689,0.9392789602279663
