area,centroid_x,centroid_y,predicted_iou,stability_score
913.0,1534.0230010952903,361.10186199342826,0.9156044721603394,0.9794149398803711
1176.0,1241.7891156462586,291.1224489795918,0.873969554901123,0.9666944146156311
387.0,857.5607235142119,1569.1679586563307,0.8053626418113708,0.9515306353569031
