area,centroid_x,centroid_y,predicted_iou,stability_score
4024.0,29.283797216699803,39.67743538767396,0.9462507367134094,0.9754781723022461
689.0,926.0101596516691,1761.5036284470248,0.8985059261322021,0.9615384340286255
523.0,1547.68068833652,738.0478011472276,0.8800460696220398,0.9847908616065979
676.0,286.6139053254438,740.3579881656805,0.8708125352859497,0.9538239240646362
81.0,612.7283950617284,600.7654320987655,0.8610732555389404,0.9518072009086609
