area,centroid_x,centroid_y,predicted_iou,stability_score
812.0,603.1564039408867,941.0,0.9269062280654907,0.9709091186523438
1863.0,1370.2673107890498,1504.3891572732152,0.9039003849029541,0.9693446159362793
859.0,1364.8067520372526,759.8905704307334,0.8985404968261719,0.9747416973114014
682.0,1184.766862170088,193.3533724340176,0.8826621770858765,0.954023003578186
604.0,996.1506622516556,290.55298013245033,0.872859001159668,0.9627228379249573
971.0,972.2996910401648,1156.4160659114316,0.857803225517273,0.9449449181556702
903.0,929.6710963455149,1316.8017718715394,0.8553270101547241,0.9451022744178772
454.0,1549.6784140969164,963.1784140969163,0.8183640837669373,0.958695650100708
672.0,1548.1785714285713,950.4806547619048,0.8163467645645142,0.8874824047088623
