area,centroid_x,centroid_y,predicted_iou,stability_score
563.0,916.0763765541741,765.8792184724689,0.8949322700500488,0.9632224440574646
407.0,626.8771498771499,491.34643734643737,0.8803890943527222,0.9615384340286255
1731.0,1356.941074523397,1637.8041594454073,0.8745364546775818,0.9460067749023438
604.0,154.658940397351,929.8145695364238,0.8481390476226807,0.950160801410675
