area,centroid_x,centroid_y,predicted_iou,stability_score
1224.0,982.8864379084968,916.6960784313726,0.8878442645072937,0.9695023894309998
365.0,1768.1342465753426,1445.1698630136987,0.8840150833129883,0.973045825958252
876.0,1688.3972602739725,817.681506849315,0.8778953552246094,0.9529675245285034
818.0,521.5366748166259,906.9572127139364,0.8724222183227539,0.9569892287254333
722.0,886.8462603878116,1838.5235457063711,0.8263782858848572,0.9241011738777161
167.0,484.9820359281437,665.2155688622754,0.8211203217506409,1.0
