area,centroid_x,centroid_y,predicted_iou,stability_score
877.0,1233.908779931585,91.12656784492589,0.9444739818572998,0.9819616675376892
1005.0,558.7741293532338,1070.4089552238806,0.9436053037643433,0.9763546586036682
857.0,1183.3057176196032,1369.9894982497083,0.867618203163147,0.9633448123931885
792.0,1013.614898989899,1016.314393939394,0.8600471019744873,0.961442768573761
613.0,127.83849918433931,1135.0913539967373,0.8479962348937988,0.9225908517837524
725.0,290.9158620689655,1121.7337931034483,0.8078829050064087,0.9256308078765869
