area,centroid_x,centroid_y,predicted_iou,stability_score
1049.0,600.8493803622498,1418.3555767397522,0.920762300491333,0.9802073240280151
1125.0,985.7022222222222,1600.0275555555556,0.9111793637275696,0.9582608938217163
1149.0,1107.5805047867711,990.2811140121845,0.9046643376350403,0.979345977306366
2590.0,781.5266409266409,1904.7926640926642,0.8983882665634155,0.968868613243103
1119.0,114.83109919571045,1047.90527256479,0.8734897375106812,0.937177300453186
712.0,660.1193820224719,1768.6390449438202,0.8702062964439392,0.919571042060852
1557.0,922.3808606294156,1262.8747591522158,0.8665803074836731,0.9188191890716553
388.0,276.28092783505156,738.5953608247422,0.8569933176040649,0.9520202279090881
