area,centroid_x,centroid_y,predicted_iou,stability_score
2105.0,886.7410926365795,405.79477434679336,0.9634332656860352,0.9792843461036682
427.0,591.9648711943794,421.5058548009368,0.9115066528320312,0.9744779467582703
671.0,1284.9254843517137,540.2801788375559,0.9073368310928345,0.9650145769119263
527.0,608.8842504743833,679.4800759013283,0.8523334264755249,0.9574074149131775
533.0,466.96060037523455,1379.861163227017,0.8353271484375,0.9298561215400696
