area,centroid_x,centroid_y,predicted_iou,stability_score
1392.0,1259.3024425287356,623.2938218390805,0.9381510019302368,0.955633819103241
1166.0,674.836192109777,1259.1792452830189,0.923555850982666,0.9829787015914917
952.0,1742.9264705882354,694.0556722689075,0.9129018187522888,0.9729729890823364
3253.0,926.0184445127575,410.06486320319704,0.9013364315032959,0.8281337022781372
1501.0,1314.815456362425,1498.7541638907396,0.8940867781639099,0.9628180265426636
645.0,1052.4635658914729,1710.2697674418605,0.8640599250793457,0.9380664825439453
1145.0,1664.6017467248907,889.195633187773,0.8606634736061096,0.9388275146484375
1533.0,1345.4755381604696,462.17742987606,0.8393898010253906,0.9214463829994202
107.0,921.8598130841121,1691.2056074766356,0.8213937282562256,0.9090909361839294
