area,centroid_x,centroid_y,predicted_iou,stability_score
858.0,823.9498834498835,615.4417249417249,0.9161489009857178,0.981502890586853
1250.0,1205.1448,1121.4584,0.9126945734024048,0.9624118804931641
836.0,1599.7332535885168,660.0155502392345,0.9110305905342102,0.9775148034095764
994.0,923.4094567404427,1316.0684104627767,0.9016021490097046,0.9781312346458435
97.0,926.7938144329897,545.979381443299,0.8921799659729004,0.9591836929321289
1104.0,860.7246376811594,483.3641304347826,0.8867791891098022,0.9616755843162537
956.0,938.1140167364017,1216.7405857740587,0.8855339288711548,0.953987717628479
964.0,1566.2811203319502,1252.905601659751,0.8708633184432983,0.9684959053993225
347.0,1127.835734870317,1366.7262247838617,0.8594300746917725,0.9801136255264282
