area,centroid_x,centroid_y,predicted_iou,stability_score
675.0,386.45037037037036,668.3866666666667,0.9213566780090332,0.9808542132377625
323.0,865.1950464396285,616.5510835913312,0.919624924659729,0.9635258316993713
839.0,1502.9261025029798,1180.0333730631705,0.9186385869979858,0.9810650944709778
923.0,1486.0812567713976,391.77464788732397,0.9099538326263428,0.971307098865509
174.0,1429.7068965517242,414.3735632183908,0.9071081280708313,0.9772727489471436
115.0,1760.5304347826086,857.8434782608696,0.8859786987304688,0.9658119678497314
387.0,1692.8630490956073,1442.6795865633076,0.8070488572120667,0.9345088005065918
